<site>
	<index>
		<main><![CDATA[<h1>"Scoala din Aninoasa ramane un arbore al vietii, cu un IERI - remarcabil, cu un AZI - aflat sub zodia innoirii si un MAINE al nadejdii."</h1><h2>Prezentare generala</h2><p>Scoala Generala Sf.Varvara este asezata intr-o localitate urbana - ANINOASA, situata in Valea Jiului si functioneaza in reteaua scolilor de stat din judetul Hunedoara. Scoala functioneaza intr-un singur corp de cladire, construit in 1925; aici isi desfasoara activitatea clasele I - VIII, in doua schimburi. Cele doua gradinite cu program normal functioneaza in spatii improprii: PN Nr.1 - in apartament la parterul blocului; PN Nr.2 - intr-o cladire veche, cu o singura sala de clasa foarte mica, in care se lucreaza pe doua schimburi. In acest an scolar scoala va intra in reparatii capitale prin proiectul de reabilitare scoala, iar prin proiectul PRET se preconizeaza construirea unui local nou pentru invatamantul prescolar.<br /><br /><img src="foto/oras/scoala.jpg" alt="scoala" /><br /><br />Scoala si gradinitele nu sunt autorizate din punct de vedere sanitar. In intreaga ei istorie, SCOALA ANINOSEANA a fost un autentic centru de cultura si educatie, a fost inima spiritualitatii localitatii. Acolo unde "Valea-n sus" si "Valea-n jos" s-au imbratisat din vremuri imemoriale s-a ctitorit o scoala careia i-au dat eternitate oameni inimosi si curajosi, a caror stradanie binefacatoare a fost zidita ceas de ceas, zi de zi, an de an in suflete gingase de copii. Din acest locas de cultura s-au desprins in timp licurici stralucitori, calatorind prin ani, fiecare pe orbita lui, purtand in ei din lumina ce le-a fost data in scoala de la mijlocul Vaii.</p><p>De-a lungul timpului, de pe bancile acestei scoli au iesit promotii de absolventi care fac cinste scolii si orasului lor, absolventi care, odata deveniti oameni maturi, s-au implicat cu toata responsabilitatea in viata social-economica a acestei zone. Scoala a strabatut astfel anii formand zeci de generatii de intelectuali, raspanditi in toate colturile lumii, oameni de nadejde, personalitati in domeniile lor de activitate, dar, in principal, formand mineri pentru mina Aninoasa sau pentru alte mine din vale. Sunt cunoscute nu numai in Valea Jiului si judet, ci si in tara traditiile culturale ale Aninoasei. Se vorbeste cu respect despre formatii artistice ale elevilor, despre contributia fiecarui cadru didactic din scoala la mentinerea unei reale efervescente creatoare in toate domeniile vietii economico-sociale, ceea ce este relevant pentru calitatea muncii din scoala, pentru felul in care biruind dificultatile, invatatorii si profesorii au inteles sa-si faca datoria indiferent de vitregiile timpului. Dascalii sunt ca si minerii, deschizatori de orizonturi. Tot asa cum minerii deschid orizonturi subterane, patrund tainele muntelui facand sa tasneasca lumina, dascalii deschid orizonturile cunoasterii, patrund impreuna cu elevii lor in tainele minunate ale stiintei si culturii, facand lumina cugetului sa biruie intunericul ignorantei. Scoala din Aninoasa, astazi SCOALA GENERALA SFANTA VARVARA (nume atribuit cu ocazia sarbatoririi a 100 de ani de existenta) a avut la catedra de-a lungul timpului dascali inimosi, oameni deosebiti, "mineri ai culturii", stiuti si nestiuti, care vor ramane vesnic in sufletul aninosenilor.</p>]]></main>
		<right><![CDATA[<img class="paperclip" src="images/paperclip.png" alt="paperclip"><div class="sidebar"><h3>Ultimele stiri</h3><h4>Versiune noua site</h4><h5>2 aprilie, 2012</h5><p>am reordonat informatiile pe site si totodata un bine-meritat facelift pentru a fi in ton cu tehnologiile web.<br><a href="#">Citeste mai departe</a></p></div><img class="paperclip" src="images/paperclip.png" alt="paperclip"><div class="sidebar"><h3>Legaturi utile</h3><ul><li><a href="#">Primaria orasului Aninoasa</a></li><li><a href="#">Programul Economia Bazata pe Cunoastere</a></li><li><a href="#">Scoala pe Didactic.ro</a></li><li><a href="#">Weblog</a></li></ul></div>]]></right>
	</index>
	<istoric>
		<main><![CDATA[<img style="float: left; vertical-align: middle; margin: 0 10px 0 0;" src="images/home.png" alt="istoric"><h1>Istoric</h1><p>Inceputurile scolii din colonia Aninoasa sunt legate de inceputurile mineritului aici. Societatea Salgotarjan (Salgo-Torjan) va fi cea care va infiinta scoala primara in anul 1895, datorita unor necesitati practice, pentru a-si pregati viitorii angajati cu cunostinte minime necesare practicarii unor meserii cu profil minier. Datorita dezvoltarii mineritului si progresului tehnic, se va simti nevoia unor muncitori cu o calificare tot mai temeinica si mai diversa. Deci, scoala din Aninoasa a fost o scoala societara, deoarece societatea carbonifera va suporta toate cheltuielile cu salarii, dotare, spatii de invatamant. Dupa 1918 scoala va fi tot societara, fiind preluata in intretinere de Societatea Petrosani , limba de predare fiind la inceput maghiara, iar dupa 1918 romana, dar pastrandu-se si sectia maghiara multi ani mai tarziu, conform drepturilor minoritatilor, respectate de autoritatile romane indiferent de conditiile politico-istorice. Pentru "colonia Aninoasa" , prima scoala a fost construita in anul 1895, scoala avand si locuinta pentru invatator. Primul invatator a fost Dobos Iosif, care a functionat pana la 1 ianuarie 1897. Scoala a avut elevi numai pentru primele 3 clase primare. Cladirea scolii apartinea Societatii Miniere Salgotarjan , societate care a deschis cu 10 ani inainte exploatarea Campului Minier Aninoasa. Dintre cei 77 de elevi in total, cati a numarat in primul an de invatamant, 61 erau romani; in scoala se preda in limba romana, dar se studia si limba maghiara ca limba oficiala pe atunci. Actul care atesta existenta scolii se gaseste in arhivele fostei Societati Salgotarjan si specifica faptul ca era scoala romaneasca. Cu data de 1 ianuarie 1897 a fost numit ca invatator Redl Friederick, care a dezvoltat scoala adaugand si clasele a IV-a si a V-a. Invatatorul s-a transferat la 1 septembrie 1900 la scoala Petrosani, care apartinea aceleiasi societati miniere. Cu incepere de la 1 septembrie 1900, la Scoala din Aninoasa functioneaza doi invatatori: Bako Ludovic si Vass Emeric. Numarul elevilor este de la an la an mai mare, ca efect al cresterii numarului angajatilor minei. In primii ani de functionare, scoala avea doua sali de clasa. Invatamantul era gratuit, cheltuielile scolii fiind suportate de mina, inclusiv salariile invatatorilor. Parintii plateau incepand cu anul scolar 1902 / 1903, 30 de filleri pentru fondul personal al invatatorilor si 50 de filleri pentru inscriere, bani care au fost folositi la cumpararea de carti pentru biblioteca scolii.<br />Statistic, numarul elevilor Scolii din Aninoasa este urmatorul:</p><table><tr><th>1895-1896</th><th>1896-1897</th><th>1897-1898</th><th>1898-1899</th><th>1899-1900</th><th>1901-1902</th><th>1902-1903</th><th>1903-1904</th></tr><tr><td>77 elevi</td><td>95 elevi</td><td>128 elevi</td><td>123 elevi</td><td>109 elevi</td><td>132 elevi</td><td>166 elevi</td><td>166 elevi</td></tr></table><p>Datele provin din "Anuarul scolilor apartinatoare Societatii Miniere Salgotarjan", intocmit in anul 1903 de Emeric Vass, invatator la Scoala din Aninoasa. In anii urmatori, numarul elevilor creste, scoala se dezvolta tot mai mult, si astfel apare necesitatea unui nou local. In Arhivele Statului, la Deva , exista documente care atesta eforturile depuse de preotul greco-catolic din Aninoasa, in administrarea caruia a intrat scoala (ramanand insa scoala de stat) dupa anul 1913, pentru construirea unui nou sediu de scoala. Stradaniile preotilor romani greco-catolici vor fi incununate de succes de-abia dupa anul 1920. Intr-un inventar al patrimoniului parohiei greco-catolice intocmit in anul 1936 se precizeaza ca scoala a fost terminata in 1923 pe spezele Societatii anonime Petrosani, societate miniera care avea in patrimoniu si mina Aninoasa. Noua cladire - cea in care institutia functioneaza si astazi - a fost construita din caramida, cu acoperis din tigla.</p><p>La vremea respectiva in scoala se preda in limba romana, existand si clase cu limba de predare maghiara. Intre obiectele de invatamant - asa cum atesta un "certificat scolar" emis la 30 iunie 1922 pentru elevul Rogojanu Stefan si semnat de preotul paroh greco-catolic Ioan Traian - se numarau: religiunea, limba romana, limba latina, limba elena, limba franceza, limba germana, istoria, geografia, matematica, stiintele naturale, chimia, fizica, igiena, muzica vocala, caligrafia, gimnastica - ca obiecte obligatorii esalonate in anii cursului primar si gimnazial - precum si limba maghiara, muzica instrumentala - ca obiecte facultative. In intreaga ei istorie, SCOALA ANINOSEANA a fost un autentic centru de cultura si educatie, a fost inima spiritualitatii localitatii. Acolo unde "Valea-n sus" si "Valea-n jos" s-au imbratisat din vremuri imemoriale, s-a ctitorit o scoala careia i-au dat eternitate oameni inimosi si curajosi, a caror stradanie binefacatoare a fost zidita ceas de ceas, zi de zi, an de an in suflete gingase de copii. Din acest locas de cultura s-au desprins in timp licurici stralucitori, calatorind prin ani, fiecare pe orbita lui, purtand in ei din lumina ce le-a fost data in scoala de la mijlocul Vaii. Scoala noastra este cuprinsa astazi intr-un amplu proiect de reabilitare si modernizare. Dascalii si elevii de azi ai scolii aninosene nu-si doresc altceva decat o scoala moderna la nivelul secolului XXI.Scoala din Aninoasa ramane un arbore al vietii, cu un IERI - remarcabil, cu un AZI - aflat sub zodia innoirii si un MAINE - al nadejdii.</p>]]></main>
		<right><![CDATA[<img class="paperclip" src="images/paperclip.png" alt="paperclip"><div class="sidebar"><h3>Istoric scoala</h3><img alt="scoala" src="foto/istoric/p1lo.jpg" /><br /><img alt="scoala" src="foto/istoric/p2lo.jpg" /><br /><img alt="scoala" src="foto/istoric/p3lo.jpg" /><br /></div>]]></right>
	</istoric>
	<misiune>
		<main><![CDATA[<img style="float: left; vertical-align: middle; margin: 0 10px 0 0;" src="images/examples.png" alt="misiune"><h1>MISIUNEA</h1><p>Scoala noastra doreste sa devina o minicomunitate in comunitate, ordonata, atenta, bazata pe valori, cu o personalitate bine definita ce va deriva din conexiunea cu traditia locala si unde tinerii vor putea dobandi si in continuare abilitatile necesare integrarii sociale. coala Generala Sf.Varvara va milita pentru respectarea drepturilor si intereselor elevilor in conditiile legislatiei in vigoare, asigurand, cu mijloacele de care dispune, siguranta si dezvoltarea fizica, intelectuala si spirituala a acestora. om cauta sa satisfacem nevoia fiecarui elev de a se simti competent in a detine si utiliza informatia, deschis spre schimbare si spre intelegerea si respectarea valorilor socio – culturale ale unei societati democratice. vem ca prioritate pregatirea elevilor pentru o lume in schimbare, formandu-le capacitati, deprinderi si competente care sa le permita sa-si gaseasca locul si menirea sociala.</p><h2>VIZIUNEA</h2><p>"Scoala este inima pentru inima orasului, este tot ceea ce poate fi mai frumos, este locul unde florile spiritului uman infloresc, locul unde florile culturii s-au infratit cu florile de mina, locul unde lumina din adancurile muntelui isi uneste razele cu lumina gandului mereu cutezator spre cunoastere."</p><h2>DEVIZA SCOLII</h2><p>"La noi nu se poate trai fara momente deosebite. Ochii copiilor ne privesc intrebandu-ne: Ce vom mai face? oi ii intelegem. O luam de la capat, cautam, iscodim si reusim. Asa va fi intotdeauna caci<br /><strong>MIINE VREM SA FACEM LUCRURI MAI BUNE DECAT IERI"</strong></p><h2>TINTELE TRATEGICE (SCOPURI)</h2><p>Reconsiderarea managementului la nivelul scolii si al clasei in vederea egalizarii sanselor. Carea unui climat de munca in conditii optime pentru a asigura fiecarui elev posibilitatea de a atinge performanta dorita. Asigurarea in fiecare an scolar pentru fiecare cadru didactic din scoala, a cel putin 50 de ore de formare si perfectionare; formarea cadrelor didactice pentru aplicarea metodelor active-participative si folosirea mijloacelor moderne in realizarea activitatilor. Stimularea interesului elevilor si cadrelor didactice de a folosi baza informationala existenta(laboratorul de informatica) atat pentru orele de curs (Lectii AEL), cat si in activitatile extrascolare. Asigurarea functionalitatii bazei sportive, a bibliotecii scolare. Organizarea de concursuri si activitati extracurriculare eficiente si atractive. Realizarea unor proiecte educationale si derularea lor in parteneriat cu alte scoli din tara; obtinerea de finantari prin proiectele realizate.</p><h2>OPTIUNI STRATEGICE</h2><p>Dezvoltarea in cadrul Curriculumului la Decizia Scolii (CDS) a unor discipline optionale precum:<br />Tehnologia informatiei(cl.V-VIII) sau Prietenul meu calculatorul (cl.II-IV)<br />Educatia pentru sanatate<br />Matematica distractiva<br />Literatura pentru copii<br />Consiliere si orientare(cl.I-IV)<br />Organizarea de actiuni si spectacole artistice cu prilejul unor date calendaristice precum:<br />16 noiembrie – Ziua tolerantei<br />1 Decembrie – Ziua Nationala a Romaniei<br />Manifestari omagiale<br />8 Martie – Ziua Internationala a Femeii<br />Zilele culturii aninosene – zilele scolii<br />Organizarea concursurilor pe discipline de invatamant si a Testelor nationale conform metodologiei stabilite la nivel national si judetean.<br />Infiintarea unui centru de documentare cu ajutorul bibliotecii scolare, a enciclopediilor multimedia si nu in ultimul rand al Internetului<br />Fiecare cadru didactic sa initieze in fiecare an scolar un proiect educational<br /><br /><strong>Dezvoltarea resurselor umane</strong><br /><br />Oferte pentru invatarea muncii la calculator de catre toate cadrele didactice, cursuri AEL, cursuri Oracle<br />Cursuri prin programul Microsoft Unlimited Potential<br />Informarea si formarea cadrelor didactice in raport cu nevoile, obiectivele, exigentele organizatiei<br />Dezvoltarea profesionala (grade didactice, continuarea studiilor, perfectionari) in acord cu nevoile individuale de dezvoltare in domeniul profesional<br />Participarea la sesiuni de comunicari stiintifice, simpozioane, reuniuni la nivel judetean si national<br />Pregatirea elevilor pentru olimpiade scolare, concursuri si examene<br />Programe speciale pentru elevii cu rezultate foarte bune<br />Programe speciale de recuperare pentru elevii cu probleme<br /><br /><strong>Dezvoltarea bazei materiale</strong><br /><br />Reamenajarea salilor de clasa si dotarea cu materialele si mijloacele didactice necesare procesului educational<br />Achizitionarea unor noi …… Educationale<br />Achizitionarea unor materiale informative (amenajarea unui cabinet de consultanta pedagogica de specialitate)<br />Achizitionarea unor aparate audio – video, necesare pentru activitatile cultural artistice, pentru activitatile Cenaclului literar si pentru activitatea Corului<br />Amenajarea bazei sportive<br /><br /><strong>Dezvoltarea relatiilor comunitare</strong><br /><br />Se vor stabilii relatii si parteneriate cu:<br />Consiliul Local<br />Bisericile, inclusiv cultele religioase<br />Politia<br />Centrul Cultural orasenesc<br />ONG-uri (Asociatia culturala "ANENA")<br />Familiile elevilor (parteneriat "Scoala – familie – comunitate – impreuna pentru formarea copiilor")<br />Se vor derula in parteneriat cu scolile Ostra si Tg.Lapus proiectele educationale initiate in cadrul proiectului "E-Vacanta" ("Clubul de ecoturism", "Valori crestine – valori europene"), proiecte online (<a href="http://www.think.com">think.com</a>)<br />Se va urmari cresterea si diversificarea ofertei de activitati extrascolare si a ofertei de petrecere a timpului liber</p><h3>ECHIPA MANAGERIALA</h3><p>Inst.Botgros Didina - Director<br />Inv. Holobut Delia - Coordonator proiecte<br />Prof. Mihai Lorena - Consilier educativ</p>]]></main>
		<right><![CDATA[<img class="paperclip" src="images/paperclip.png" alt="paperclip"><div class="sidebar"><h3>Misiune</h3></div>]]></right>
	</misiune>
	<cadre>
		<main><![CDATA[<img style="float: left; vertical-align: middle; margin: 0 10px 0 0;" src="images/another_page.png" alt="cadre"><h1>CADRE DIDACTICE</h1><h3>Colectivul de cadre didactice incadrat la Scoala Generala Sf.Varvara Aninoasa in anul scolar 2006-2007</h3><a href="foto/cadre/p1.jpg" target="_blank"><img alt="echipa" src="foto/cadre/p1lo.jpg"></a><p>Echipa manageriala:<br />BOTGROS DIDINA - director<br />MIHAI GRATIELA - consilier educativ<br />HOLOBUT DELIA - coordonator proiecte<br />Corpul profesoral:</p><h4>Repartizarea personalului didactic</h4><table style="width:100%; border-spacing:0;"><tr><th colspan="6">Personal didactic</th></tr><tr><th rowspan="2">Categoria</th><th colspan="2">Calificat</th><th rowspan="2">Cu alte specializari</th><th rowspan="2">Necalificat</th><th rowspan="2">In curs de calificare</th></tr><tr><th>Titular</th><th>Suplinitor</th></tr><tr><td>Gradinita</td><td>4</td><td>1</td><td></td><td></td><td>1</td></tr><tr><td>Scoala</td><td>11</td><td>10</td><td></td><td></td><td></td></tr><tr><td>Total</td><td>15</td><td>11</td><td></td><td></td><td>1</td></tr></table><h4>Indicatori calitatea resurselor umane:</h4><table style="width:100%; border-spacing:0;"><tr><th>Indicatorul</th><th>A</th><th>B</th><th>Ax100/B</th></tr><tr><td rowspan="2">a. Pondere personal didactic cu o vechime in unitate mai mare de 4 ani</td><td>Nr. cadre didactice cu o vechime in unitate mai mare de 4 ani</td><td>Nr. total de cadre didactice</td><td>Ponderea, %</td></tr><tr><td>18</td><td>26</td><td>69.23</td></tr><tr><td rowspan="2">b. Ponderea personalului cu gradul I</td><td>Nr. cadre didactice cu gradul I</td><td>Nr. total de cadre didactice</td><td>Ponderea, %</td></tr><tr><td>4</td><td>26</td><td>15.388</td></tr><tr><td rowspan="2">c. Ponderea personalului cu gradul al II-lea</td><td>Nr. cadre didactice cu gradul al II-lea</td><td>Nr. total de cadre didactice</td><td>Ponderea, %</td></tr><tr><td>8</td><td>26</td><td>30.76</td></tr><tr><td rowspan="2">f. Competente de utilizare a calculatorului (Word+Excel) in randul cadrelor didactice</td><td>Nr. cadre didactice cu competente de utilizare a calculatorului (Word+Excel)</td><td>Nr. total de cadre didactice</td><td>Ponderea, %</td></tr><tr><td>19</td><td>26</td><td>73.07</td></tr><tr><td rowspan="2">Ponderea cadrelor didactice cu gradatie de merit</td><td>Nr. cadre didactice cu gradatie de merit</td><td>Nr. total de cadre didactice</td><td>Ponderea, %</td></tr><tr><td>1</td><td>26</td><td>3.84</td></tr><tr><td rowspan="2">Ponderea cadrelor didactice care in ultimii 5 ani au urmat cel putin o forma de perfectionare</td><td>Nr. cadre didactice care au urmat cursuri</td><td>Nr. total de cadre didactice</td><td>Ponderea, %</td></tr><tr><td>&nbsp;</td><td></td><td></td></tr></table><p>Format in majoritate din cadre didactice tinere dornice de afirmare si performanta<br />Cadre didactice calificate in proportie de 96 %<br />Cadrele didactice manifesta dorinta de formare continua si perfectionare si sunt deschise spre noutatile reformei din domeniul invatamantului.<br />Cadrele didactice aplica noul curriculum si respecta Regulamentul de organizare si functionare a unitatilor din invatamantul preuniversitar.<br />Cadrele didactice urmaresc modernizarea actului de predare - invatare prin orientarea lui spre capacitati si atitudini, utilizand strategii participative.</p>]]></main>
		<right><![CDATA[<img class="paperclip" src="images/paperclip.png" alt="paperclip"><div class="sidebar"><h3>Structura cadre</h3><p>institutor Botgros Didina<br />educatoare Olari Oltea<br />educatoare Moga Georgeta<br />educatoare Rusu Gabriela<br />educatoare Rusu Oana<br />educatoare Bora Doina<br />institutor Predosanu Elena<br />institutor Tomus Adriana<br />institutor Stan Manuela<br />institutor Salai Aurelia<br />invatator Oanta Adriana<br />invatator Holobut Delia<br />invatator Plesa Ionescu Simona<br />profesor Rujoiu Clara<br />profesor Kapros Elisabeta<br />profesor Vesa Raluca<br />profesor Mirea Petre<br />profesor Mihai Gratiela<br />profesor Kardos Alexandra<br />profesor Muntean Olimpia<br />profesor Zgripcea Doina<br />profesor Muntean Aurelia<br />profesor Trifa Teodor<br />profesor Vulpe Nicolae<br />preot Pirlea Gabriel</p></div>]]></right>
	</cadre>
	<elevi>
		<main><![CDATA[<h1>Dinamica structurii scolii:</h1><h4>Invatamant prescolar:</h4><table style="width:100%; border-spacing:0;"><tr><th rowspan="2">Tipul unitatii prescolare<br />(program normal)<br />PN Nr. 1 PN Nr. 2</th><th colspan="3">Nivel I(3-5 ani)</th><th colspan="3">Nivel II (5 -6/7 ani)</th></tr><tr><td>2003-2004</td><td>2004-2005</td><td>2005-2006</td><td>2006-2007</td><td>2007-2008</td><td>2009-2009</td></tr><tr><td>Nr. prescolari</td><td>66</td><td>79</td><td>84</td><td>33</td><td>18</td><td>21</td></tr></table><h4>invatamant primar si gimnazial</h4>2000 / 2001:<br />primar: 8 clase - 219 elevi<br />gimnazial: 8 clase - 235 elevi<br />2001 / 2002:<br />primar: 8 clase - 203 elevi<br />gimnazial: 8 clase- 249 elevi<br />2002 / 2003:<br />primar: 8 clase - 208 elevi<br />gimnazial: 8 clase - 224 elevi<br />2003/ 2004<br />primar: 8 clase - 208 elevi<br />gimnazial: 8 clase - 205 elevi<br />2004 / 2005<br />primar: 8 clase - 199 elevi<br />gimnazial: 8 clase - 197 elevi<br />2005 / 2006<br />primar: 8 clase - 179 elevi<br />gimnazial: 8 clase - 185 elevi<br />2006 / 2007<br />primar: 8 clase - 161 elevi<br />gimnazial: 8 clase 184 elevi<p>Elevii<br />An scolar: 2006-2007</p><table style="width:100%; border-spacing:0;"><tr><th>Clasa</th><th>I</th><th>a II-a</th><th>a III-a</th><th>a IV-a</th><th>a V-a</th><th>a VI-a</th><th>a VII-a</th><th>a VIII-a</th></tr><tr><td>Nr. claselor</td><td>2</td><td>2</td><td>2</td><td>2</td><td>2</td><td>2</td><td>2</td><td>2</td></tr><tr><td>Nr. elevi</td><td>32</td><td>36</td><td>48</td><td>45a</td><td>47</td><td>44</td><td>50</td><td>43</td></tr></table><p>Provin din medii sociale diverse, cu o stare materiala diferita (marea majoritate foarte slaba) si capacitati intelectuale diverse.<br />Majoritatea elevilor sunt de nationalitate romana, mai exista si un numar mic de elevi de etnie rroma.<br />Beneficiaza de pregatire de specialitate suplimentara in vederea obtinerii unor rezultate cat mai bune la examenul de capacitate si la olimpiadele scolare.</p>]]></main>
		<right><![CDATA[<img class="paperclip" src="images/paperclip.png" alt="paperclip"><div class="sidebar"><h3>Elevi</h3></div>]]></right>
	</elevi>
	<dotare>
		<main><![CDATA[<h1>Baza materiala</h1><h4>Utilizarea spatiilor din scoala</h4><table style="width:100%; border-spacing:0;"><tr><th>Indicatori de utilizare</th><th>A</th><th>B</th><th>A/B</th></tr><tr><td rowspan="2">Indicele de utilizare a spatiilor cu destinatie pentru invatamant</td><td>Nr. claselor de elevi</td><td>Nr. spatiilor functionale</td><td>Nr. clase/sala</td></tr><tr><td>16</td><td>9</td><td>2</td></tr><tr><td>Numar de schimburi in care functioneaza scoala</td><td colspan="3">2 schimburi<br />cu orar 8 - 12/13 ciclul primar si 12/13 - 18/19 ciclul gimnazial</td></tr></table>9 sali de clasa:<br />sala specializata de limba romana<br />sala specializata de istorie - geografie<br />sala specializata de matematica<br />sala specializata de biologie - chimie<br />laborator informatica (intr-un alt corp de cladire) Laboratorul a fost amenajat prin proiectul Economia Bazata pe Cunoastere si dispune de dotari moderne: 10 calculatoare (EBC) si 10 calculatoare(SEI 4) conectate la internet, scanner, webcam, imprimanta, copiator, casti<br />1 sala de sport (in curs de renovare) si baza sportiva in curs de modernizare<br />1 biblioteca cu un fond de 6815 volume, cele mai multe vechi si uzate. Biblioteca este amenajata intr-un spatiu total neadecvat, impropriu desfasurarii unei activitati eficiente<br />mijloace de invatamant depasite, uzate moral si fizic<br />mobilier vechi, dar reconditionat in unele clase.]]></main>
		<right><![CDATA[<img class="paperclip" src="images/paperclip.png" alt="paperclip"><div class="sidebar"><h3>Dotare</h3></div>]]></right>
	</dotare>
	<proiecte>
		<main><![CDATA[<img style="float: left; vertical-align: middle; margin: 0 10px 0 0;" src="images/browser.png" alt="proiecte"><h1>PROIECTE</h1><h4>Proiecte educationale:</h4><p>"Scoala, familie, comunitate - impreuna pentru educarea copiilor"<br />"Clubul copiilor Informati"<br />"Sansa e de partea ta"<br />"Internet de week-end"<br />"Clubul de eco-turism" - in parteneriat cu Scoala Generala Ostra<br />"Valori crestine - valori europene" - in parteneriat cu Grupul Scolar Tg. Lapus<br />"Drepturile copilului vazute prin ochi de copil" in parteneriat cu Scoala generala "Titu Maiorescu" din Iasi<br />"Spring Day" - 2005, 2006, 2007<br />"Stelute pe harta EUROPEI"</p>]]></main>
		<right><![CDATA[<img class="paperclip" src="images/paperclip.png" alt="paperclip"><div class="sidebar"><h3>Proiecte realizate</h3><a>Oracle Education - Think.com</a><br /><br /><a>"CURCUBEU PESTE CARPATI"</a><br /><br /><a>SANSA E DE PARTEA TA</a><br /><br /><a>Proiect de dezvoltare scolara</a></div>]]></right>
	</proiecte>
	<extra>
		<main><![CDATA[<img style="float: left; vertical-align: middle; margin: 0 10px 0 0;" src="images/page.png" alt="extracurricular"><h1>Activitati extracurriculare</h1><p>Activitatile extracurriculare care se desfasoara in scoala sunt extrem de variate: serbari scolare, concursuri pe diverse teme, intreceri sportive, manifestari omagiale cu ocazia sarbatorilor nationale, excursii, drumetii.</p><h2>REZULTATE LA OLIMPIADE SI CONCURSURI</h2><strong>ORAR</strong><p>Procesul de invatamant se desfasoara in doua schimburi:<br />Clasele I-IV intre orele 8-12/13<br />Clasele V-VIII intre orele 12/13 - 18<br /><br /><strong>Alte date:</strong><br /><br />Revista scolii "Temerarii" este editata de un colectiv redactional coordonat de prof. Rujoiu Clara.<br />Corul copiilor din Aninoasa este renumit pentru evolutiile sale in spectacole, pentru participarea la Festivalul National de creatie si interpretare "Mamaia copiilor", pentru aparitiile pe posturi de televiziune nationale. Este condus de inst. Botgros Didina. Grupul de colindatori al scolii, coordonat de ed. Olari Oltea a reusit sa ocupe in ultimii ani Locul I la Festivalul judetean "Zoriori de ziua".<br />La nivelul localitatii Aninoasa isi desfasoara activitatea Consiliul Local al Copiilor, format din 15 consilieri alesi democratic, prin vot, din randul elevilor din clasele V-VIII. Activitatea CLC Aninoasa se desfasoara in parteneriat cu celelalte consilii ale copiilor din tara, sub indrumarea asociatiei Master Forum.<br /><br /><strong>Proiecte educationale</strong><br /><br />"Scoala, familie, comunitate - impreuna pentru educarea copiilor"<br />"Clubul copiilor Informati"<br />"Sansa e de partea ta"<br />"Internet de week-end"<br />"Clubul de eco-turism" - in parteneriat cu Scoala Generala Ostra<br />"CURCUBEU PESTE CARPATI"<br />"Valori crestine - valori europene" - in parteneriat cu Grupul Scolar Tg. Lapus<br />"Drepturile copilului vazute prin ochi de copil" in perteneriat cu Scoala generala "Titu Maiorescu" din Iasi<br />"Spring Day" - 2005, 2006, 2007<br /><br /><strong>Proiecte online:</strong> Oracle Education - <a href="http://www.think.com">Think.com</a></p>]]></main>
		<right><![CDATA[<img class="paperclip" src="images/paperclip.png" alt="paperclip"><div class="sidebar"><h3>Extracurricular</h3></div>]]></right>
	</extra>
	<rezultate>
		<main><![CDATA[<fieldset style="text-align: center;"><legend>LOCUL I - "e-VACANTA!" 2006</legend><img alt="evacanta" src="foto/rezultate/1.jpg" style="padding: 5px;"><br /></fieldset><fieldset style="text-align: center;"><legend>LOCUL I - Festivalul judetean de colinde si obiceiuri de Craciun "Zoriori de ziua"</legend><img alt="evacanta" src="foto/rezultate/2.jpg" style="padding: 5px;"><img alt="evacanta" src="foto/rezultate/3.jpg" style="padding: 5px;"></fieldset><fieldset style="text-align: center;"><legend>"CURCUBEU PESTE CARPATI" - Forumul profesorilor inovativi - Paris - martie 2007</legend><img alt="evacanta" src="foto/rezultate/4.jpg" style="padding: 5px;"></fieldset><fieldset style="text-align: center;"><legend>Corul copiilor din Aninoasa</legend><img alt="evacanta" src="foto/rezultate/5.jpg"><img alt="evacanta" src="foto/rezultate/6.jpg"><br />Renumit pentru evolutiile sale in spectacole, pentru participarea la Festivalul National de creatie si interpretare "Mamaia copiilor", editiile 2004, 2005, 2006, 2007, pentru aparitiile pe posturi nationale de televiziune</fieldset><fieldset style="text-align: center;"><legend>Corlan Narcisa</legend><img alt="evacanta" src="foto/rezultate/7.jpg"><br />LOCUL I la Simpozionul National "Romanii, pastratori de traditii, credinta si adevar" - LOCUL III la faza judeteana a olimpiadei la limba romana - MENTIUNE la faza judeteana a olimpiadei de chimie</fieldset><fieldset style="text-align: center;"><legend>PROIECTUL "CURCUBEU PESTE CARPATI"</legend><img alt="evacanta" src="foto/rezultate/8.jpg"></fieldset>]]></main>
		<right><![CDATA[<img class="paperclip" src="images/paperclip.png" alt="paperclip"><div class="sidebar"><h3>Rezultate</h3></div>]]></right>
	</rezultate>
	<foto>
		<main><![CDATA[<img style="float: left; vertical-align: middle; margin: 0 10px 0 0;" src="images/contact.png" alt="foto" /><h1>GALERIE FOTO</h1><span class="center"><h3>Activitati curente ale copiilor Aninoseni:</h3><img src="foto/galerie/activitati/1.jpg" /><img src="foto/galerie/activitati/2.jpg" /><img src="foto/galerie/activitati/3.jpg" /><img src="foto/galerie/activitati/4.jpg" /><img src="foto/galerie/activitati/5.jpg" /><img src="foto/galerie/activitati/6.jpg" /><img src="foto/galerie/activitati/7.jpg" /><img src="foto/galerie/activitati/8.jpg" /><img src="foto/galerie/activitati/9.jpg" /><img src="foto/galerie/activitati/10.jpg" /><img src="foto/galerie/activitati/11.jpg" /><img src="foto/galerie/activitati/12.jpg" /><img src="foto/galerie/activitati/13.jpg" /><img src="foto/galerie/activitati/14.jpg" /><img src="foto/galerie/activitati/15.jpg" /><img src="foto/galerie/activitati/16.jpg" /><img src="foto/galerie/activitati/17.jpg" /><img src="foto/galerie/activitati/18.jpg" /><img src="foto/galerie/activitati/19.jpg" /><img src="foto/galerie/activitati/20.jpg" /><img src="foto/galerie/activitati/21.jpg" /><img src="foto/galerie/activitati/22.jpg" /><img src="foto/galerie/activitati/23.jpg" /><img src="foto/galerie/activitati/24.jpg" /><img src="foto/galerie/activitati/25.jpg" /><img src="foto/galerie/activitati/26.jpg" /><img src="foto/galerie/activitati/27.jpg" /><img src="foto/galerie/activitati/28.jpg" /><img src="foto/galerie/activitati/29.jpg" /><img src="foto/galerie/activitati/30.jpg" /><img src="foto/galerie/activitati/31.jpg" /><img src="foto/galerie/activitati/32.jpg" /></span><span class="center"><h3>Corul copiilor din Aninoasa:</h3><img src="foto/galerie/cor/1.jpg" /><img src="foto/galerie/cor/2.jpg" /><img src="foto/galerie/cor/3.jpg" /><img src="foto/galerie/cor/4.jpg" /><img src="foto/galerie/cor/5.jpg" /><img src="foto/galerie/cor/6.jpg" /><img src="foto/galerie/cor/7.jpg" /><img src="foto/galerie/cor/8.jpg" /><img src="foto/galerie/cor/9.jpg" /><img src="foto/galerie/cor/10.jpg" /><img src="foto/galerie/cor/11.jpg" /></span><span class="center"><h3>Corul la Mamaia copiilor (dupa munca...):</h3><img src="foto/galerie/curcubeu/1.jpg" /><img src="foto/galerie/curcubeu/2.jpg" /><img src="foto/galerie/curcubeu/3.jpg" /><img src="foto/galerie/curcubeu/4.jpg" /><img src="foto/galerie/curcubeu/5.jpg" /><img src="foto/galerie/curcubeu/6.jpg" /><img src="foto/galerie/curcubeu/7.jpg" /><img src="foto/galerie/curcubeu/8.jpg" /><img src="foto/galerie/curcubeu/9.jpg" /><img src="foto/galerie/curcubeu/10.jpg" /><img src="foto/galerie/curcubeu/11.jpg" /><img src="foto/galerie/curcubeu/12.jpg" /><img src="foto/galerie/curcubeu/13.jpg" /><img src="foto/galerie/curcubeu/14.jpg" /><img src="foto/galerie/curcubeu/15.jpg" /><img src="foto/galerie/curcubeu/16.jpg" /><img src="foto/galerie/curcubeu/17.jpg" /><img src="foto/galerie/curcubeu/18.jpg" /><img src="foto/galerie/curcubeu/19.jpg" /><img src="foto/galerie/curcubeu/20.jpg" /><img src="foto/galerie/curcubeu/21.jpg" /><img src="foto/galerie/curcubeu/22.jpg" /><img src="foto/galerie/curcubeu/23.jpg" /><img src="foto/galerie/curcubeu/24.jpg" /><img src="foto/galerie/curcubeu/25.jpg" /><img src="foto/galerie/curcubeu/26.jpg" /><img src="foto/galerie/curcubeu/27.jpg" /></span><span class="center"><h3>Parteneriatul "Curcubeu peste Carpati", impreuna cu scoala din Ostra (Suceava):</h3><img src="foto/galerie/mare/1.jpg" /><img src="foto/galerie/mare/2.jpg" /><img src="foto/galerie/mare/3.jpg" /><img src="foto/galerie/mare/4.jpg" /><img src="foto/galerie/mare/5.jpg" /><img src="foto/galerie/mare/6.jpg" /><img src="foto/galerie/mare/7.jpg" /><img src="foto/galerie/mare/8.jpg" /><img src="foto/galerie/mare/9.jpg" /><img src="foto/galerie/mare/10.jpg" /><img src="foto/galerie/mare/11.jpg" /><img src="foto/galerie/mare/12.jpg" /><img src="foto/galerie/mare/13.jpg" /></span>]]></main>
		<right><![CDATA[<img class="paperclip" src="images/paperclip.png" alt="paperclip"><div class="sidebar"><h3>Foto</h3></div>]]></right>
	</foto>
	<ev2006>
		<main><![CDATA[<h3>Cateva din lucrarile copiilor din Aninoasa, incluse in programul-concurs educationat E-vacanta 2006, concust castigat de comunitatea Aninoasa:</h3><span class="center"><h3>Activitati curente ale copiilor Aninoseni:</h3><img src="foto/ev2006/1.jpg" /><img src="foto/ev2006/2.jpg" /><img src="foto/ev2006/3.jpg" /><img src="foto/ev2006/4.jpg" /><img src="foto/ev2006/5.jpg" /><img src="foto/ev2006/6.jpg" /><img src="foto/ev2006/7.jpg" /><img src="foto/ev2006/8.jpg" /><img src="foto/ev2006/9.jpg" /><img src="foto/ev2006/10.jpg" /><img src="foto/ev2006/11.jpg" /><img src="foto/ev2006/12.jpg" /><img src="foto/ev2006/13.jpg" /><img src="foto/ev2006/14.jpg" /><img src="foto/ev2006/15.jpg" /><img src="foto/ev2006/16.jpg" /><img src="foto/ev2006/17.jpg" /><img src="foto/ev2006/18.jpg" /><img src="foto/ev2006/19.jpg" /><img src="foto/ev2006/20.jpg" /><img src="foto/ev2006/21.jpg" /><img src="foto/ev2006/22.jpg" /><img src="foto/ev2006/23.jpg" /><img src="foto/ev2006/24.jpg" /><img src="foto/ev2006/25.jpg" /><img src="foto/ev2006/26.jpg" /><img src="foto/ev2006/27.jpg" /><img src="foto/ev2006/28.jpg" /><img src="foto/ev2006/29.jpg" /></span>]]></main>
		<right><![CDATA[<img class="paperclip" src="images/paperclip.png" alt="paperclip"><div class="sidebar"><h3>Evacanta 2006</h3></div>]]></right>
	</ev2006>
	<ev2007>
		<main><![CDATA[<h2>In curand</h2>]]></main>
		<right><![CDATA[<img class="paperclip" src="images/paperclip.png" alt="paperclip"><div class="sidebar"><h3>Evacanta 2007</h3></div>]]></right>
	</ev2007>
	<stiri>
		<main><![CDATA[<h3>ANINOASA - 16 MAI 2007</h3><p>"Scoala este inima pentru inima orasului, este tot ceea ce poate fi mai frumos, este locul unde florile spiritului uman infloresc, locul unde florile culturii s-au infratit cu florile de mina, locul unde lumina din adancurile muntelui si-a unit razele cu lumina gandului mereu cutezator spre cunoastere.<br />Scoala Generala "Sfanta Varvara" Aninoasa a organizat in data de 16 mai, la sediul Centrului Cultural Iscroni, manifestarea stiintifica cu tema: "Utilizarea TIC in invatamantul preuniversitar - exemple de bune practici". Manifestarea a reprezentat atat o actiune de diseminare a rezultatelor deosebite obtinute drept urmare a utilizarii eficiente a Retelei Electronice a Comunitatii Locale Aninoasa, obtinute prin implementarea proiectului "Economia Bazata pe Cunoastere", cat si o activitate de formare profesionala pentru cadrele didactice participante.<br />Manifestarea s-a adresat, in primul rand, comunitatilor noi din judetul Hunedoara incluse in proiectul "Economia Bazata pe Cunoastere" deoarece rezultatul de varf al implementarii acestui proiect in comunitatea Aninoasa l-a reprezentat proiectul scolar de parteneriat realizat intre Scoala Generala "Sfanta Varvara" Aninoasa si Scoala Generala Ostra din judetul Suceava denumit generic "Curcubeu peste Carpati". "CURCUBEUL" a fost un mijloc de relationare intre elevii claselor a III-a de la cele doua scoli, intre care s-a stabilit o comunicare virtuala. Proiectul a avut ca obiective primordiale: promovarea utilizarii tehnologiilor TIC in invatamantul preuniversitar si dezvoltarea abilitatilor de operare a computerului la elevii cu varste cuprinse intre 9 si 11 ani. O abordare unica, inovatoare, remarcata de compania Microsoft.<br />Evenimentul de la Aninoasa a fost organizat cu sprijinul Companiei Microsoft Romania, Unitatii de Management al Proiectului "Economia Bazata pe Cunoastere" din cadrul Ministerului Comunicatiilor si Tehnologiei Informatiei, Inspectoratului Scolar Judetean Hunedoara, Fundatiei EOS Romania, Asociatiei pentru Promovarea Culturii si a Traditiilor Locale ANENA, Primariei Orasului Aninoasa, Consiliului Local al Orasului Aninoasa.<br />Programul manifestarii a avut un continut bogat si a cuprins in prima parte a zilei alocutiuni si prezentari, iar partea a doua a zilei a fost ocupata de workshop-uri tematice coordonate de reprezentantii Fundatiei EOS Romania.</p><img alt="deschidere" src="foto/stiri/p2.jpg" /><p>In deschiderea evenimentului, domnul primar Ilie Botgros a adresat un cuvant de bun venit invitatilor, manifestarea fiind organizata in cadrul festivitatilor prilejuite de Zilele Orasului Aninoasa. Alocutiunile au avut ca tema principala rolul si obiectivele proiectului "Economia Bazata pe Cunoastere", rolul TIC in educatie, rolul profesorului si competentele sale cheie - noile sale responsabilitati, noile strategii didactice, pregatirea tinerilor pentru viata intr-o societate informationala. Alocutiunile au fost prezentate de doamna Diana Voicu manager al proiectului "Economia Bazata pe Cunoastere", domnul Anisor Parvu inspector scolar general al judetului Hunedoara, doamna Diana Gligor reprezentanta Fundatiei EOS. Doamna Didina Botgros manager scolar si initiatoare a acestui eveniment a prezentat proiectul "Curcubeu peste Carpati", proiect care a fost apreciat si la Forumul Profesorilor Inovativi - Paris 2007.<br />Elevi ai scolilor din Aninoasa si Iscroni au adus in fata celor prezenti o serie de lucrari - aplicatii ale invatarii bazate pe proiecte, realizate sub coordonarea cadrelor didactice: Muntean Aurelia, Negru Greta, Sandu Dumitru, Holobut Delia, Oanta Adriana, Salai Aurelia.</p><img alt="deschidere" src="foto/stiri/p1.jpg" /><p>Manifestarea s-a bucurat de o participare numeroasa, peste 80 de cadre didactice de la scolile din Valea Jiului si de la scolile din judet care urmeaza sa demareze anul acesta implementarea proiectului "Economia Bazata pe Cunoastere", reprezentanti ai Unitatii de Management al Proiectului "Economia Bazata pe Cunoastere" din cadrul Ministerului Comunicatiilor si Tehnologia Informatiei, reprezentanti ai Consiliului Judetean Hunedoara si ai Prefecturii Judetului Hunedoara, primari, consilieri locali, reprezentanti ai mass-media.</p>]]></main>
		<right><![CDATA[<img class="paperclip" src="images/paperclip.png" alt="paperclip"><div class="sidebar"><h3>Stiri</h3></div>]]></right>
	</stiri>
	<linkuri>
		<main><![CDATA[<a href="http://www.aninoasa.eu" target="_blank">Primaria orasului Aninoasa</a><br /><a href="http://www.ecomunitate.ro" target="_blank">Programul Economia Bazata pe Cunoastere</a><br />Scoala generala Sf. Varvara pe <a href="http://www.didactic.ro/cautare?cid=cautare&action=search&words=aninoasa&cat=10&disciplina=" target="_blank">Didactic.ro</a><br /><a href="http://aninoasa.weblog.ro" target="_blank">aninoasa.weblog.ro</a><br /><br /><hr />]]></main>
		<right><![CDATA[<img class="paperclip" src="images/paperclip.png" alt="paperclip"><div class="sidebar"><h3>Linkuri</h3></div>]]></right>
	</linkuri>
	<oracle>
		<main><![CDATA[<p>Proiecte online: Oracle Education – <a href="http://www.think.com">think.com</a><br /><a>Proiect de dezvoltare scolara</a> "TRECUT, PREZENT si VIITOR – o carte deschisa comunitatii:<br /><br />Scoala Generala Sf. Varvara Aninoasa a obtinut un grant de 19450 RON pentru derularea acestui proiect care are ca obiectiv general imbunatatirea cadrului de colaborare dintre scoala si comunitatea din care face parte prin sensibilizarea intregii comunitati in favoarea lecturii, ca mijloc de informare si imbogatire a cunostintelor.<br />Printre activitatile propuse mentionam:<br />"SUNT INTERESAT – MA INFORMEZ" – activitate de informare a tuturor celor implicati in proiect prin prezentari referitoare la istoria cartii, a bibliotecii, istoria tiparului si a hartiei.<br />"BIBLIOTECA SCOLII – centru modern de documentare.<br />Amenajarea noului spatiu pentru biblioteca scolara, imbogatirea fondului de carte prin achizitii de carte noua si prin donatii.<br />"CENACLUL LITERAR ARTISTIC" – cu activitati esalonate pe toata durate derularii proiectului (intalniri cu scriitori si jurnalisti ai Vaii Jiului, vizita la Biblioteca Judeteana Ovid Densuseanu Hunedoara – Deva, seri de lectura, editarea unei publicatii a cenaclului in care vor fi cuprinse creatiile elevilor.<br />Proiectul va oferi beneficiarilor (elevi, parinti, cadre didactice, comunitate) oportunitatea de a avea un acces mai larg la o biblioteca moderna a scolii, dotata cu mobilier nou si mijloace audio-vizuale moderne, precum si un fond de carte imbunatatit. In acelasi timp proiectul isi propune sa schimbe perceptia beneficiarilor asupra valorii materiale si spirituale a cartii.<br />In derularea proiectului scoala are drept parteneri Primaria orasului Aninoasa, Biblioteca Judeteana Ovid Densuseanu Deva si Asociatia pentru promovarea culturii si traditiilor locale ANENA.<br />Mai multe detalii <a>aici</a>.</p>]]></main>
		<right><![CDATA[<img class="paperclip" src="images/paperclip.png" alt="paperclip"><div class="sidebar"><h3>Proiecte realizate</h3><a>Oracle Education - Think.com</a><br /><br /><a>"CURCUBEU PESTE CARPATI"</a><br /><br /><a>SANSA E DE PARTEA TA</a><br /><br /><a>Proiect de dezvoltare scolara</a></div>]]></right>
	</oracle>
	<curcubeu>
		<main><![CDATA[<h1>"CURCUBEU PESTE CARPATI"</h1><h3>ACORD DE PARTENERIAT</h3><p>intre:<br /><br />SCOALA CU CLASELE I – VIII OSTRA<br />Comuna OSTRA judetul SUCEAVA<br />Tel/fax 0230575301 e-mail : <a href="mailto:scoala_ostra@yahoo.com">scoala_ostra@yahoo.com</a><br /><br />si<br /><br />SCOALA GENERALA SF. VARVARA ANINOASA<br />Oras ANINOASA Judetul HUNEDOARA<br />Tel/Fax 0254512116 e-mail: <a href="mailto:sclaninoasa@yahoo.com">sclaninoasa@yahoo.com</a></p><h4>ARGUMENT</h4><p>Suntem cu totii locuitorii unor frumoase asezari romanesti. Ne dorim, ca si dumneavoastra, de altfel, sa pastram nealterata frumusetea acestor locuri si consideram ca este de datoria scolii sa orienteze axa spiritualitatii copiilor in directia cautarii a ceea ce este frumos si pur. Vrem sa le formam copiilor nostri, in cadru institutionalizat, capacitatea de a trai in interiorul frumosului cunoscandu-i valentele, apreciindu-le, pastrandu-le si chiar construindu-le.<br />Din acest motiv, in scoala noastra isi desfasoara activitatea un club de eco-turism montan , un proiect finantat initial de PIR si la a carui continuare va invitam sa ne fiti parteneri.</p><h5>Obiectivul general</h5><p>Formarea si dezvoltarea unor atitudini pozitive privind eco-turismul ca modalitate agreabila de cunoastere, recunoastere, intretinere si exploatare a valorilor de mediu din localitatile noastre si din imprejurimile acesteia.<br /><br />Vom urmari realizarea urmatoarelor obiective specifice: crearea unui cadru adecvat de practicare a eco-turismului; formarea unor abilitati de practicare a eco-turismului in mod organizat si a unei atitudini corecte fata de mediul inconjurator; descoperirea si mediatizarea valorilor locale ale mediului inconjurator; dezvoltarea relatiilor bazate pe colaborare si sprijin reciproc intre scolile partenere.<br />Rezultate asteptate: elevii din cele doua scoli vor beneficia de o influenta organizata privind practicarea eco-turismului cu toate implicatiile lui; elevii vor dobandi, cu sprijinul cadrelor didactice si prin colaborarea cu partenerii, adevarate instrumente valorice de apreciere a frumusetilor pa care natura le pune neconditionat la dispozitia noastra vor dobandi abilitati practice de pastrare a unui mediu natural sanatos prin actiuni practice de igienizare; se vor organiza actiuni comune; vor fi editate si tiparite ghiduri turistice privind zonele turistice din localitatile noastre; se va largi sfera colaborarii la nivelul scolilor printr-un schimb reciproc avantajos de vizite intre elevii scolilor partenere; elevii din scolile noastre isi vor petrece timpul liber in mod placut si util, fiind astfel feriti de alte tentatii mai putin sanatoase.</p><h5>GRUPUL</h5><p>In scoala noastra grupul este constituit din 32 de elevi din clasele IV – VII, 4 cadre didactica si 2 parinti. Am considerat ca cei din clasele I, II, III sunt prea mici ca sa fie supusi unor eforturi fizice de urcare pe munte, iar pe cei din clasele a VIII-a i-am lasat sa invete pentru examene. Grupul se innoieste anual prin plecarea celor din clasa a VII-a si intrarea celor din clasele a IV-a, desi multi din cei intrati nu mai vor sa plece.</p><h4>ACTIVITATI PROPUSE DE NOI</h4><p>AUGUST - "Cauta-ti prietenii" – activitati de cunoastere intre elevi, cadre didactice si parinti implicati de la cele 2 scoli, prin intermediul internetului, schimburi de adrese si fotografii<br />SEPTEMBRIE - "Cand vine toamna" - activitati de amenajare a spatiilor din scoli, schimb de fotografii si impresii intre parteneri<br />OCTOMBRIE - "Tainele muntilor" - crearea unor albume foto, schimb de imagini intre scolile partenere, organizarea unor expozitii foto in scoli<br />NOIEMBRIE "Frumoasa esti padurea mea"- concurs de creatie literara<br />DECEMBRIE - "Asa-i la noi de sarbatori"- invitatie adresata scolii partenere de a petrece cateva zile din vacanta de iarna in localitatea noastra. Cazarea si masa vor fi asigurate in familiile elevilor din grupul de ecoturism.<br />IANUARIE – “Mini-ghid turistic"- Activitati de editare pe calculator a paginilor unor ghiduri turistice pentru localitatile partenere, tiparirea acestora si difuzarea lor in localitatile noastre si nu numai.<br />FEBRUARIE - « Impresii dupa primul semestru de scoala » - conferinta on-line cu participarea exclusiva a elevilor din scolile partenere.</p><h4>MONITORIZARE SI EVALUARE</h4><p>Monitorizarea si evaluarea vor fi centrate pe: nivelul de participare la actiuni; nivelul atingerii obiectivelor propuse; desfasurarea activitatilor; rezultatele obtinute in urma fiecarei activitati; folosirea eficienta a resurselor materiale, umane si de timp; atitudinea de asumare a responsabilitatilor individuale si de grup; relatiile ce se stabilesc intre scolile partenere.<br />Evaluarea va viza gradul de acoperire pe probleme. Ea se va desfasura in etape bine determinate: evaluare initiala; evaluarea curenta a impactului fiecarei activitati; evaluari intermediare; evaluare sumativa.<br />Ca instrumente de evaluare ne propunem: rapoarte de evaluare; fotografii document; jurnal de activitati.</p><h4>DISEMINARE</h4><p>Dorim ca actiunile noastre, rezultatele acestora sa fie cunoscute, iar exemplele de buna practica sa fie preluate la nivel mai larg. In acest sens vom desfasura activitati de promovare, mediatizare si diseminare pe mai multe planuri:<br />La nivelul scolii:<br />Panou informativ pe holul scolii: "Eco-ul scolii la eco-turism"<br />Se vor prezenta buletine informative in urma derularii fiecarei actiuni<br />La nivelul comunitatii:<br />Panou informativ:"Eco-ul comunitatii la eco-turism";<br />Expedierea mesajului nostru, a materialelor realizate si a rezultatelor obtinute tuturor institutiilor locale si autoritatilor;<br />Expozitie de fotografie itineranta.<br />La nivel judetean:<br />Buletine informative expediate catre Inspectoratul Scolar<br />Publicarea de articole privind activitatile desfasurate in ziarele locale<br />In cadrul cercurilor pedagogice, cadrele didactice din scoala vor fi diseminatori voluntari la nivel national si international.<br />Responsabili de buna desfasurare a parteneriatului scolar:<br /><br />De la scoala OSTRA:<br />Coperza Viorica - invatatoare,<br />Iacob Cristian - profesor de geografie<br /><br />De la Scoala Generala Sf.Varvara Aninoasa:<br />Botgros Didina - director<br />Holobut Delia - invatatoare<br />Muntean Olimpia - prof. geografie.</p>]]></main>
		<right><![CDATA[<img class="paperclip" src="images/paperclip.png" alt="paperclip"><div class="sidebar"><h3>Proiecte realizate</h3><a>Oracle Education - Think.com</a><br /><br /><a>"CURCUBEU PESTE CARPATI"</a><br /><br /><a>SANSA E DE PARTEA TA</a><br /><br /><a>Proiect de dezvoltare scolara</a></div>]]></right>
	</curcubeu>
	<sansa>
		<main><![CDATA[<h1>Proiectul «SANSA E DE PARTEA TA!»</h1><h3>CONSILIERE SI ORIENTARE PENTRU CARIERA</h3><p>"Omul trebuie sa-si aleaga nu sa-si accepte destinul" Proiectul "Sansa e de partea ta" a fost initiat de directorul Scolii Generale Sf. Varvara Aninoasa si se va derula in parteneriat cu Punctul de Acces Public la Informatie Aninoasa (PAPI) pe parcursul anului scolar 2006 – 2007.<br /><br />ECHIPA DE PROIECT a Scolii Generale "Sfanta Varvara" Aninoasa:<br />dna. director Didina Botgros<br />Prof. Zgripcea Doina<br />Prof. Muntean Aurelia<br /><br />Scopul proiectului este consilierea si orientarea pentru cariera a elevilor din clasele a VIII-a; furnizarea de informatii relevante si facilitarea accesului publicului interesat la date despre posibilitatile de educatie si formare profesionala, atat la nivel local cat si national si european, prin intermediul mijloacelor electronice de comunicare moderne, din dotarea laboratoarelor din scoli.<br /><br />Obiectivele generale urmarite in cadrul proiectului sunt:<br />1.realizarea constientizarii propriilor abilitati si realizarea de catre elevii participanti a unei proiectari realiste a propriei carieri in concordanta cu trasaturile de personalitate si cu nivelul de pregatire scolara;<br />2.realizarea unei campanii de informare a elevilor asupra treptelor de scolarizare ce pot fi urmate, dezvoltarea capacitatii de alegere si de planificare a carierei scolare si profesionale.<br />3. colectarea, organizarea, selectarea informatiilor relevante pentru viitoarea cariera, monitorizarea sistematica a unor surse de informatii privind orientarea carierei<br />4. dezvoltarea abilitatii de a folosi sistemele informationale pentru orientarea carierei bazate pe computer sau internet.<br />5. promovarea si sustinerea mobilitatii profesionale transnationale si dimensiunii europene a educatiei si formarii profesionale.<br /><br />Obiective de referinta ale activitatilor de consiliere profesionala<br />Sa analizeze sursele de informare cu privire la ofertele educationale<br />Sa utilizeze TIC pentru documentarea privind optiunile pentru clasa a IX-a<br />Sa exerseze deprinderile de utilizare TIC pentru clarificarea traseului educational si profesional<br />Sa demonstreze abilitatile de utilizare a variatelor resurse pentru gasirea informatiilor cu privire la invatare, munca si cariera<br />Sa localizeze, sa selecteze si sa evalueze informatiile legate de invatare, munca si cariera<br />Sa-si formeze abilitati de invatare permanenta, critica, formativa, creativa si eficienta in vederea viitoarei reusite personale si profesionale<br />Sa se familiarizeze cu reteaua scolara si profesionala existenta in judet<br />Sa-si identifice interesele si valorile privind lumea muncii<br />Sa realizeze corelatii intre propriile aptitudini si cunostinte, pe de o parte si profilul scolar, de cealalta parte<br />Sa adopte o decizie adecvata privind orientarea scolara si profesionala<br /><br />Grupul tinta – elevii claselor a VII-a si VIII – a din scoala noastra, si din scolile implicate in proiect<br /><br />Beneficiari:<br />a)directi – elevii claselor a VII-a si a VIII-a din scolile implicate in proiect<br />b)indirecti – parintii elevilor, cadrele didactice, comunitatea<br />Desfasurarea proiectului:<br /><br /><strong>ACTIVITATI PROPUSE</strong> pentru anul scolar 2006 - 2007:<br /><br /><strong>1. SEPTEMBRIE 2006 - "Sunt interesat, ma informez!"</strong><br />- resurse de informare on-line cu privire la invatare, munca si cariera: Profile ocupationale, Clasificarea ocupatiilor din Romania<br />- Surse de informare privind educatia si piata muncii: MEC, ISE, CNROPS, MMSSF, agentii de ocupare, portaluri europene (PLOTEUS, Fit for Europe), retele de consiliere (preuniversitare, Infotin, din cadrul AMOFM), pagini web ale UE, SOCRATES, Leonardo, Comenius<br />- utilizarea internetului in invatare, pagini web, motoare de cautare, publicatii on-line, baze de date.<br /><br /><strong>2. OCTOMBRIE 2006 - "Cum ma ajuta calculatorul/internetul in gasirea scolii pe care doresc sa o urmez?"</strong><br />- accesarea portalurilor www.edu.ro si www.admitere.ro si selectarea informatiilor utile pentru decizia privind traseul educational<br />- discutii de grup (elevi, parinti, cadre didactice) si intre elevii scolilor implicate in proiect privind avantaje si limite ale utilizarii TIC pentru informatii cu privire la optiunile pentru clasa a IX-a<br /><br /><strong>3. NOIEMBRIE 2006 - "Cine sunt EU?"</strong><br />- exercitii de autocunoastere: "Abilitatile mele" prin care se incearca constientizarea de catre elevi a propriilor calitati pe care le poseda si le pot dezvolta<br />- teste de aptitudini in format electronic, ale caror rezultate vor fi prezentate de catre psiholog elevilor si parintilor acestora, personal<br />- alte teme propuse: imagine de sine, stima de sine, conflicte ce se pot naste in legatura cu cariera<br /><br /><strong>4. DECEMBRIE 2006 - "Ce as vrea sa fiu? Ce as putea sa fiu?</strong><br />- aplicarea de chestionare referitoare la optiunile scolare atat elevilor cat si parintilor; centralizarea chestionarelor<br />- discutii de grup cu adulti, reprezentanti MEdC, MCTI in vederea formarii imaginii complexe despre lumea profesiilor<br />- conferinta on-line<br /><br /><strong>5. IANUARIE 2007 - "Cum invat? Pentru ce invat?" I</strong><br />- gandire critica si autocontrol asupra propriei invatari<br />- strategii eficiente de management al timpului<br />- rolul informatiilor in procesul de invatare<br />- discutii pe tema: "Stiluri de invatare, performanta si succes"<br />- elaborarea individual sau in grup a unor proiecte de imbunatatire a performantelor scolare<br />- discutii in grupul de lucru cu privirea la utilitatea sistemului e-learning de invatare<br /><br /><strong>6. MARTIE 2007 - "Cum invat? Pentru ce invat?" II</strong><br />- formarea abilitatilor de invatare permanenta, formativa, creativa si eficienta in vederea reusitei scolare si profesionale<br />- gandire critica si autocontrol asupra propriei invatari<br />- identificarea intereselor si valorilor privind piata muncii<br /><br /><strong>7. APRILIE 2007 – "Reusita, performanta, succes"</strong><br />- analiza PMI (plus, minus, interesant) a unei probleme identificate in cadrul grupului privind viata scolara<br />- inducerea sau stimularea interesului pentru invatare permanenta intr-o lume in schimbare<br />- Exersarea abilitatilor de management al unui stil de viata de calitate<br /><br /><strong>8. MAI 2007 - "Liceul pentru care optez"</strong><br />- motivatie si flexibilitate in elaborarea traseului educational si profesional<br />- intalniri elevi, parinti, cadre didactice si reprezentanti ai Liceelor din Valea Jiului pentru informarea directa privind oferta educationala<br /><br /><strong>9. IUNIE 2007 - "SUNT ABSOLVENT"</strong><br />- festivitatea de incheiere a anului scolar pentru absolventii claselor a VIII-a<br /><br />Impactul proiectului:<br /><br />Implementarea proiectului va avea impact asupra:<br />grupurilor tinta: integrarea absolventilor claselor a VIII-a in licee si scoli de arta si meserii in procent de 90 %<br />scolii ca organizatie: cresterea capacitatii institutionale, extinderea parteneriatelor, cresterea prestigiului in comunitate<br /><br />Continuitatea:<br /><br />Se intentioneaza ca proiectul sa continue in urmatorul an scolar 2007/2008 in parteneriat cu licee din zona pentru a sprijini procesul de autocunoastere, informare si responsabilizare a elevilor asupra deciziei cu privire la filiera educationala adecvata<br />Se intentioneaza ca proiectul sa includa ca parteneri si scolile din comunitatile care vor implementa proiectul "Economia Bazata pe Cunoastere" – etapa a II-a<br /><br />Diseminarea proiectului<br /><br />Informatiile despre proiect si derularea sa vor fi facute publice prin presa locala, prin site-ul ecomunitate.ro, in consiliile profesorale si comisia metodica a dirigintilor iar evaluarile facute pe parcursul implementarii proiectului vor fi aduse la cunostinta intregului corp profesoral, precum si comunitatii, autoritatilor publice locale, Inspectoratului scolar<br /><br />Persoane de contact:<br /><br />dna. director Didina Botgros: <a href="mailto:d.botgros@personal.ro">d.botgros@personal.ro</a><br />dna. Zgripcea Doina: <a href="mailto:sclaninoasa@yahoo.com">sclaninoasa@yahoo.com</a></p>]]></main>
		<right><![CDATA[<img class="paperclip" src="images/paperclip.png" alt="paperclip"><div class="sidebar"><h3>Proiecte realizate</h3><a>Oracle Education - Think.com</a><br /><br /><a>"CURCUBEU PESTE CARPATI"</a><br /><br /><a>SANSA E DE PARTEA TA</a><br /><br /><a>Proiect de dezvoltare scolara</a></div>]]></right>
	</sansa>
	<dezvoltare>
		<main><![CDATA[<h3>ANALIZA SWOT</h3><table style="width:100%; border-spacing:0;"><tr><th width="50%">PUNCTE TARI</th><th>PUNCTE SLABE</th></tr><tr><td>Baza materiala in cea mai mare parte acceptabila<br />Cadre didactice calificate la disciplinele fundamentale<br />Existenta in scoala a unor cadre didactice cu cunostinte in domeniul informaticii, dispuse sa se perfectioneze<br />Existenta in scoala a unei retele de calculatoare conectate la internet<br />Interesul unor cadre didactice pentru un invatamant modern<br />Existenta unui grup de elevi dornici de performanta<br />Participarea la activitati extracurriculare a unui numar mare de elevi, in domenii diferite<br />Capacitatea angajatilor de a forma o echipa este in crestere<br />Imaginea institutiei se afla in curs de imbunatatire<br />Exista experienta acumulata in organizarea si derularea de programe si activitati in cadrul unor proiecte ce se deruleaza in parteneriat cu alte scoli din tara<br />La multi angajati exista disponibilitate pentru munca suplimentara</td><td>Baza materiala uzata fizic si moral la unele specializari<br />Spatiu necorespunzator pentru biblioteca scolii, volume de carte invechite si insuficiente, fond de carte neactualizat<br />Biblioteca nu dispune de mijloace moderne, nu este conectata la reteaua Internet<br />Lipsa unor programe multimedia<br />Lipsa unor mijloace moderne audio-vizuale<br />Lipsa de interes din partea unor elevi pentru scoala<br />Interes scazut din partea elevilor pentru lectura si informare, documentare<br />Lipsa cadrelor didactice calificate la unele discipline - muzica, desen<br />Cadre didactice navetiste in majoritate<br />Conservatorismul unor cadre didactice privind aspecte precum : organizarea si desfasurarea lectiilor, centrarea activitatii didactice pe nevoile elevului, informatizarea invatamantului etc.<br />Lipsa cabinetului de consultanta psihopedagogica</td></tr><tr><th>OPORTUNITATI</th><th>AMENINTARI</th></tr><tr><td>Sprijinul din partea Consiliului Local<br />Colaborarea cu primaria orasului si Consiliul Local, cu politia, cu politia comunitara, cu agentia judeteana de tineret, cu ONG-uri, cu Mass-media;<br />Sprijinul din partea unor parinti<br />Cererea exprimata de Consiliul reprezentativ al parintilor privind desfasurarea de activitati comune parinti-profesori-elevi<br />Curriculum la decizia scolii diversificat in functie de optiunile elevilor si parintilor<br />Cadre didactice tinere cu spirit de initiativa<br />Asigurarea unor cursuri de perfectionare gratuite prin CCD si MCTI<br />Derularea proiectului EBC in comunitate ofera scolii(cadre didactice si elevi)posibilitati de perfectionare, de relationare, de dezvoltare institutionala<br />Consolidarea relatiilor scolii cu alte scoli din tara si stabilirea de parteneriate in derularea unor proiecte educationale</td><td>Situatia economico-financiara precara a majoritatii familiilor datorita inchiderii minei Aninoasa<br />Posibilitati materiale reduse ale parintilor de a achizitiona carte scolara<br />Plecarea elevilor la alte unitati scolare din cauza schimbarii domiciliului parintilor<br />Indiferenta unor familii fata de situatia scolara a copiilor lor<br />Conservatorismul unor parinti<br />Criza de timp a parintilor datorata actualei situatii economice care reduce implicarea familiei in viata scolara. Acest lucru se reflecta atat in relatia profesor-elev cat si in performanta scolara a elevilor</td></tr></table><br /><h3>ANALIZA PEST</h3><h4>FACTORI POLITICI</h4><p>* Procesul de integrare/ armonizare dupa integrare<br />* Fenomenul de descentralizare<br />* Apropierea scolii de comunitate, prin adoptarea unor politici corespunzatoare in administratie si finantare<br />* Deplasarea interesului de la control la evaluare si consiliere<br />* Liberalizarea unor sectoare, practici si domenii, in general (piata manualelor, piata programelor de formare, etc.)<br />* Adaptarea sistemului romanesc de invatamant la standardele europene</p><h4>FACTORI ECONOMICI</h4><p>* Valoarea procentului alocat invatamantului din PIB<br />* Posibilitatea atragerii unor fonduri nerambursabile<br />* Stabilitatea crescanda a monedei nationale<br />* Descentralizarea mecanismelor financiare<br />* Finnantarea scolii prin consiliile locale<br />* Apropierea dintre scoala, mediu economic si de afaceri<br />* Orientarea spre o cultura a proiectelor</p><h4>FACTORI SOCIALI</h4><p>* Fluctuatii demografice<br />* Modificari pe piata muncii si sistemul de absorbtie profesionala<br />* Schimbari privind asteptarile comunitatii fata de scoala<br />* Rolul sindicatelor<br />* Cerere crescanda pentru invatarea adultilor<br />* Integrarea unor categorii de copii cu cerinte educative speciale in invatamantul de masa<br />* Parteneriat social in crestere<br />* Intarirea rolului societatii civile</p><h4>FACTORI TEHNOLOGICI</h4><p>* Raspandirea tehnologiilor moderne de comunicare si de tehnica de calcul<br />* Generalizarea unor practici educationale inovatoare<br />* Aparitia noilor retele scolare si accentuarea aspectelor economice<br />* Redimensionarea sistemului de formare profesionala initiala a cadrelor didactice<br /></p><h4>ARGUMENTARE</h4><p>Cu toate ca si pana acum dezvoltarea scolii a constituit o preocupare permanenta a colectivului nostru, se simte nevoia existentei unui proiect de dezvoltare scolara destinat deopotriva scolii si comunitatii locale. Proiectul urmareste:<br />§ Cresterea performantelor elevilor (rezultatele scolare, rezultatele la examene)<br />§ Educatia pentru folosirea noilor tehnologii de informare si comunicare<br />§ Cresterea calitatii tuturor tipurilor de relatii (profesor-elev, elev-elev, elev-parinte)<br />§ Cresterea nivelului de satisfactie a parintilor, elevilor, intregii comunitati fata de educatia oferita de scoala, intarind parteneriatul din interiorul si exteriorul scolii<br />§ Cresterea calitatii personalului, dezvoltarea competentei generale a profesorilor – cunoasterea limbilor straine, utilizarea tehnologiilor moderne, informarea pedagogica<br />§ Cresterea capacitatii de a procura resurse financiare pentru scoala</p><h4>DIAGNOZA MEDIULUI INTERN SI EXTERN</h4><p>Prezentare generala<br />Scoala Generala Sf.Varvara este asezata intr-o localitate urbana - ANINOASA, situata in Valea Jiului si functioneaza in reteaua scolilor de stat din judetul Hunedoara.<br />Scoala functioneaza intr-un singur corp de cladire, construit in 1925; aici isi desfasoara activitatea clasele I – VIII, in doua schimburi.<br />Cele doua gradinite cu program normal functioneaza in spatii improprii: PN Nr.1 – in apartament la parterul blocului; PN Nr.2 – intr-o cladire veche, cu o singura sala de clasa foarte mica, in care se lucreaza pe doua schimburi.<br />In acest an scolar scoala va intra in reparatii capitale prin proiectul de reabilitare scoala, iar prin proiectul PRET se preconizeaza construirea unui local nou pentru invatamantul prescolar.<br />Scoala si gradinitele nu sunt autorizate din punct de vedere sanitar.<br />In intreaga ei istorie, SCOALA ANINOSEANA a fost un autentic centru de cultura si educatie, a fost inima spiritualitatii localitatii. Acolo unde „Valea-n sus” si „Valea-n jos” s-au imbratisat din vremuri imemoriale s-a ctitorit o scoala careia i-au dat eternitate oameni inimosi si curajosi, a caror stradanie binefacatoare a fost zidita ceas de ceas, zi de zi, an de an in suflete gingase de copii. Din acest locas de cultura s-au desprins in timp licurici stralucitori, calatorind prin ani, fiecare pe orbita lui, purtand in ei din lumina ce le-a fost data in scoala de la mijlocul Vaii.<br />De-a lungul timpului, de pe bancile acestei scoli au iesit promotii de absolventi care fac cinste scolii si orasului lor, absolventi care, odata deveniti oameni maturi, s-au implicat cu toata responsabilitatea in viata social-economica a acestei zone. Scoala a strabatut astfel anii formand zeci de generatii de intelectuali, raspanditi in toate colturile lumii, oameni de nadejde, personalitati in domeniile lor de activitate, dar, in principal, formand mineri pentru mina Aninoasa sau pentru alte mine din vale.<br />Sunt cunoscute nu numai in Valea Jiului si judet, ci si in tara traditiile culturale ale Aninoasei. Se vorbeste cu respect despre formatii artistice ale elevilor, despre contributia fiecarui cadru didactic din scoala la mentinerea unei reale efervescente creatoare in toate domeniile vietii economico-sociale, ceea ce este relevant pentru calitatea muncii din scoala, pentru felul in care biruind dificultatile, invatatorii si profesorii au inteles sa-si faca datoria indiferent de vitregiile timpului. Dascalii sunt ca si minerii, deschizatori de orizonturi. Tot asa cum minerii deschid orizonturi subterane, patrund tainele muntelui facand sa tasneasca lumina, dascalii deschid orizonturile cunoasterii, patrund impreuna cu elevii lor in tainele minunate ale stiintei si culturii, facand lumina cugetului sa biruie intunericul ignorantei. Scoala din Aninoasa, astazi SCOALA GENERALA SFANTA VARVARA (nume atribuit cu ocazia sarbatoririi a 100 de ani de existenta) a avut la catedra de-a lungul timpului dascali inimosi, oameni deosebiti, „mineri ai culturii”, stiuti si nestiuti, care vor ramane vesnic in sufletul aninosenilor.</p><p>Comunitatea locala:<br />De o calma si putin adormita armonie, prin „defileul” de la poalele Priboiului, Corlanului si Piscului, de-a lungul strazii principale se desfasoara, ca un sirag de margele pestrite, ANINOASA.<br />Avand o suprafata de 130 km patrati, Aninoasa se intinde de la locul de intalnire a celor doua Jiuri, la poarta pasului Surduc, si pana sus in „dealul Coroiestilor”. Urmand „vechea carare a turmelor” – astazi strada principala lunga de 5,5 km – ce pleaca de la Iscroni si pana pe „vale-n sus”, Aninoasa ni se dezvaluie in toata splendoarea sa, ca o asezare linistita care nu are nimic din forfota si galagia marilor asezari urbane, fiind mai degraba un orasel pitoresc si ciudat, unde oamenii se cunosc unii pe altii formand o mare familie.<br />Aninoasa este, asemenea altor localitati din Valea Jiului, deopotriva frumoasa, bogata si ciudata pentru calatorul neavizat, care va fi surprins sa constate ca aici sunt pastrate, nealterate, multe obiceiuri si traditii ale caror origini se pierd in negura timpului.<br />In economia orasului ponderea o detinea pana nu de mult industria extractiva a carbunelui. Inchiderea Minei Aninoasa are repercursiuni asupra vietii economice si sociale a localitatii: marirea numarului de someri si asistati social, schimbarea domiciliului, plecarea la munca in strainatate a unuia dintre parinti.<br />Consiliul Local a reusit sa atraga fonduri externe acordate de Comunitatea Europeana pentru a rezolva cateva probleme edilitare locale: exemplu indiguirea paraului Aninoasa, dandu-se posibilitatea castigarii unui venit de catre somerii din localitate, ca si in cazul schimbarii conductelor retelei de apa potabila. La fel a reusit sa intretina corespunzator cele doua scoli din localitate, reparandu-le, dotandu-le, pe masura posibilitatilor, la fel si cele doua dispensare existente. A incercat introducerea gazului pentru nevoile locuitorilor, construindu-se reteaua, dar fiind inca nerezolvata cota de gaz. Au fost si alte realizari dar din nefericire probleme sunt multe si diverse, iar in schimb mijloacele materiale si financiare sunt modeste si insuficiente. Eforturile sunt mentinute, conducerea locala – primar si consiliul local – spera ca viitorul va aduce si lucruri mai bune prin rezolvarea acestor multiple probleme.<br />Se spera ca asa cum de-a lungul unei istorii multiseculare, populatia din Aninoasa, ca si cea din toata zona Vaii Jiului care a rezistat greutatilor de tot felul, va trece cu curaj, demnitate, munca si rabdare si aceste momente putin favorabile iar aceasta zona de veche traditie omeneasca si de civilizatie romaneasca va avea un viitor normal, care sa aduca bucurie si satisfactii pentru demnii si mult incercatii sai locuitori.<br />Scoala colaboreaza foarte bine cu autoritatile locale atat in ceea ce priveste repartizarea fondurilor necesare pentru intretinerea si repararea scolii, cat si in intreaga activitate instructiv-educativa.<br />Consiliul Local stimuleaza activitatea cadrelor didactice(deconteaza integral transportul navetistilor) si premiaza elevii cu ocazia diferitelor competitii organizate in scoala sau oras.<br />Relatiile cu parintii copiilor sunt destul de bune si sunt intretinute prin lectorate cu parintii, prin consultatii individuale, in care acestia sunt informati permanent despre problemele scolii.<br />Parintii sunt organizati in comitete pe clase si pe scoala si sunt, in mare parte, preocupati de problemele scolii.<br />Scoala stabileste legaturi ce organele de politie in vederea asigurarii pazei si sigurantei elevilor, pentru combaterea delicventei juvenile, precum si pentru participarea cadrelor de politie la orele de educatie rutiera, la orele de consiliere si orientare.<br />Scoala colaboreaza cu medicul circumscriptiei sanitare umane in vederea prevenirii imbolnavirilor la copiii si asigurarea asistentei medicale.</p><h4>CULTURA ORGANIZATIONALA</h4><p>Este caracterizata printr-un ethos profesional inalt. Valorile dominante sunt : egalitarism, cooperare, munca in echipa, respect fata de copii, respectul pentru profesie, libertate de exprimare, receptivitate la nou, creativitate, entuziasm, dorinta de afirmare. Se intalnesc si cazuri de elitism profesional, individualism, competitie, intelectualism, rutina, conservatorism, automultumire.<br />In ceea ce priveste climatul organizatiei scolare am putea spune ca este un climat deschis, caracterizat prin dinamism si grad inalt de angajare a membrilor institutiei scolare ; este un climat stimulativ care ofera satisfactii, relatiile dintre cadrele didactice fiind deschise, colegiale, de respect si de sprijin reciproc.<br />Directorul este deschis si asculta sugestiile profesorilor, face aprecieri frecvente si sincere la adresa acestora, le respecta competenta, le ofera o larga autonomie, ii sprijina si evita un control strict birocratic.<br />Toate acestea se reflecta pozitiv in activitatea instructiv-educativa si extrascolara, ceea ce a condus la cresterea prestigiului scolii in cadrul comunitatii.</p>]]></main>
		<right><![CDATA[<img class="paperclip" src="images/paperclip.png" alt="paperclip"><div class="sidebar"><h3>Proiecte realizate</h3><a>Oracle Education - Think.com</a><br /><br /><a>"CURCUBEU PESTE CARPATI"</a><br /><br /><a>SANSA E DE PARTEA TA</a><br /><br /><a>Proiect de dezvoltare scolara</a></div>]]></right>
	</dezvoltare>
</site>